traj_iter,theta1,theta2,theta3,E_exact,E_rem,E_unmit,residual_rem,residual_unmit
15,0.03218582237947622,0.078385907561425,1.1499702210870502,-98.44884547560085,-97.99409211543109,-97.46176822960128,0.45475336016976087,0.987077245999572
15,0.03897213673321241,-0.00936324807828057,1.1605115137882667,-98.45199449361141,-97.99635208206345,-97.4425963473946,0.4556424115479558,1.0093981462168102
15,0.08980213684459301,0.05132063336486,1.100930367130692,-98.44445563625383,-97.9677368543143,-97.42411456794517,0.47671878193953887,1.0203410683086673
6,0.17098833440590402,-0.020052833675864558,0.64240534983992,-98.37898426979748,-98.07934039710818,-97.49348660649838,0.2996438726893018,0.8854976632991054
2,0.04023743492319134,0.011111222731807167,0.21012466629290816,-98.2761658324691,-98.02191932009428,-97.47809369490322,0.2542465123748201,0.7980721375658817
14,-0.0002741842297045143,0.04976909014602933,1.0955850947071282,-98.44780135454812,-98.0661063168297,-97.49246608796213,0.3816950377184156,0.9553352665859904
1,-0.05056494555655605,0.03190594539691827,0.1868697403377898,-98.26748852171393,-97.98796956498732,-97.45878747339394,0.279518956726605,0.808701048319989
4,0.0194561930507464,0.11145421279872408,0.39558908270705534,-98.32702968738381,-97.99363601448873,-97.46869298554957,0.3333936728950846,0.8583367018342472
2,0.09319541232340518,0.06350379890950572,0.22613630783836114,-98.28140215747884,-97.97771086763672,-97.45324228347978,0.3036912898421207,0.8281598739990557
5,0.07643117649155114,-0.012271808178613362,0.5049034044485808,-98.35416433100974,-98.02331096913905,-97.48887767301439,0.3308533618706946,0.8652866579953553
8,-0.050957948454724164,-0.06142417350111673,0.8399490503894409,-98.4165006050737,-97.96451784294212,-97.42285473463862,0.4519827621315784,0.9936458704350741
1,0.0006891589728433307,0.05842437091842276,0.10655089437591585,-98.24504505399464,-97.98556759277598,-97.43308952598815,0.25947746121866544,0.811955528006493
12,-0.026344512357931817,0.1570232139172942,1.1223118976555335,-98.4383094868443,-98.06107704518564,-97.46972960906685,0.37723244165866276,0.9685798777774579
3,0.030023799537536165,0.022563119814791817,0.3826342908134236,-98.32434012963127,-97.97211557560755,-97.44108406455729,0.35222455402372077,0.8832560650739794
12,-0.003785917077606414,0.08853607355567027,1.086188242625877,-98.44470217437785,-98.09436615333479,-97.51940777222305,0.35033602104306283,0.9252944021548046
5,-0.03651764384119112,0.06673592601827595,0.5558690377880338,-98.36537839487717,-98.05128548283628,-97.47917014483095,0.3140929120408913,0.8862082500462236
12,0.03963081508084938,0.06051049586999113,1.1221969084844674,-98.44833703466877,-97.97227932373202,-97.41117197838523,0.4760577109367432,1.0371650562835413
15,-0.018032831536257406,0.1192275845835229,1.1691411363127149,-98.44578895955182,-97.94547935821826,-97.43174729017456,0.5003096013335551,1.0140416693772636
15,0.04822025233703622,-0.07247416197279588,1.2115896908408337,-98.45053668677623,-98.01474281240377,-97.44654218117655,0.43579387437246453,1.0039945055996782
4,0.0623817692794513,-0.002893225764465438,0.4341422691777713,-98.33727222910291,-98.05299851704812,-97.48100689331216,0.2842737120547838,0.8562653357907521
8,0.052838009899732384,0.07764260980392945,0.8297970399572446,-98.41678905080516,-98.06218502031624,-97.46734574704584,0.35460403048892886,0.949443303759324
7,0.0026049654844108316,0.03306721945439654,0.6150676539962192,-98.3794820604318,-97.9683386512951,-97.436958118443,0.4111434091366988,0.9425239419887959
4,0.027361525171307556,0.0005025565869585039,0.4534419618702531,-98.34216363169759,-98.07069792465471,-97.50326571338653,0.27146570704287853,0.8388979183110621
9,0.09074841901244335,0.05568519098300039,0.782459931826829,-98.40882035522843,-98.09156766509513,-97.51690844379651,0.3172526901333015,0.8919119114319187
14,0.033964187532104576,-0.047329704589131674,1.1531001920961967,-98.45046998197829,-97.99640748590947,-97.44080474164494,0.4540624960688149,1.009665240333348
13,0.017711456153520738,-0.04472993252652513,1.029685359299475,-98.44205838678657,-98.04532557870169,-97.47397125981522,0.3967328080848773,0.9680871269713549
10,0.06132963217534975,0.12538525165585546,0.9419416816016497,-98.42729922831201,-98.0064460860993,-97.44911530497224,0.42085314221270664,0.9781839233397704
13,0.026083051198383177,-0.017618009794387053,1.0821552029626917,-98.4473189877046,-98.09716773729188,-97.49969134889331,0.350151250412722,0.9476276388112979
8,-0.05607054848996443,0.031711311076615636,0.8035168719913425,-98.41280674897804,-98.02058605783438,-97.4755483527984,0.3922206911436632,0.9372583961796437
10,0.003986701440355775,0.024751476018224354,0.9265712976734122,-98.4321219776917,-98.02790197623607,-97.46274984269193,0.4042200014556272,0.9693721349997588
15,0.07340765199203043,0.0027204115239132117,1.1742290864268041,-98.45078213687141,-98.02812656121401,-97.47087192566525,0.4226555756574015,0.9799102112061604
10,0.06744396397161301,0.028906133132883663,0.9646240097961288,-98.43509688328365,-98.02109757220364,-97.45201385196967,0.4139993110800049,0.9830830313139813
0,-0.09126830775062489,-0.012445149578022341,0.09572487520273126,-98.23705531398245,-97.96460386514411,-97.44000278040261,0.27245144883833916,0.7970525335798442
11,0.03505656740922332,0.06672319788222417,1.0231053976633366,-98.44079097662012,-98.04508513754617,-97.45681877202541,0.39570583907395473,0.983972204594707
11,0.10962252892521684,-0.021886802162459598,0.9630988985294662,-98.4319096779263,-98.05007986142202,-97.48461542229778,0.38182981650427905,0.9472942556285204
3,0.05431978594783949,0.06076407067500071,0.3158639632249553,-98.30668395333619,-97.95436429663732,-97.44328682755952,0.35231965669886733,0.8633971257766717
13,0.024602542801257527,-0.023484347201624935,1.1474402961065615,-98.451414755243,-98.011737120767,-97.44763299080718,0.4396776344759985,1.0037817644358142
2,0.017153431889363576,0.04026046973076183,0.17610047688256347,-98.26621851475669,-98.05309511013853,-97.47852215695521,0.21312340461815893,0.7876963578014795
12,0.11484499610007498,-0.010189478348692313,1.061795003669689,-98.44046168984293,-98.02072869790442,-97.46606444224889,0.4197329919385169,0.974397247594041
13,-0.04533545705401559,-0.030800990183469296,1.0933859920877693,-98.44654314118114,-98.02914581346728,-97.46503127264836,0.4173973277138572,0.9815118685327775
7,-0.010804492288888266,0.036622042923276796,0.6580145736122411,-98.38807514549737,-98.0207323127665,-97.45968867636955,0.3673428327308699,0.9283864691278154
0,0.0060906666381039115,0.0013974939377327136,0.061589852485040855,-98.23026167534836,-98.03164180097008,-97.48907532453285,0.19861987437828077,0.7411863508155108
2,-0.009908199122303498,-0.03967376365400231,0.15989432733312706,-98.25889601697757,-97.95886324193874,-97.43679606095606,0.3000327750388294,0.8220999560215176
10,-0.08879109972614967,-0.09003227050167056,0.9947248297790426,-98.4310465904956,-98.03386510726313,-97.46148615930039,0.3971814832324725,0.9695604311952053
0,0.10627006285956296,-0.01914602136178756,0.004620923272503614,-98.21303580741328,-97.94730390429075,-97.46197095947738,0.2657319031225285,0.7510648479358935
10,-0.003203641418489042,0.06698781441662253,0.9357608615864624,-98.4319678217507,-98.00924842094699,-97.4601647760103,0.4227194008037145,0.9718030457404012
2,0.009127480242538618,0.00766564199070697,0.11906295367689029,-98.24827386621317,-98.02533735203514,-97.48438398378802,0.22293651417803062,0.763889882425147
9,0.0649942727423089,-0.03749666903794807,0.9856555236239509,-98.43673960796097,-98.05672859489702,-97.47449371817171,0.3800110130639496,0.9622458897892585
8,0.09492438120893341,0.037045496668924524,0.6575051689751339,-98.38685858072871,-97.95601133967632,-97.44523239564761,0.4308472410523905,0.9416261850811054
0,0.0018322870915735224,0.03693705802758062,0.01873585007367587,-98.21740792871712,-97.86499129395763,-97.39689541717301,0.3524166347594928,0.8205125115441092
2,-0.016980442260524163,0.11621750633816247,0.2365594336386258,-98.28316791997038,-97.91109215603248,-97.42993118064958,0.3720757639379002,0.8532367393208062
15,-0.004951041157373638,0.11373691077912643,1.1809177193272464,-98.44707355390659,-98.0398677482962,-97.45553552897213,0.40720580561038844,0.9915380249344565
6,0.038980307760456794,0.05039019304735358,0.66073355107659,-98.38872927432246,-98.01384008189925,-97.4738836146564,0.37488919242321117,0.9148456596660566
7,0.045974775934881515,0.04131210828093718,0.7125672127742383,-98.39862913156952,-97.988356015592,-97.45937613525733,0.4102731159775175,0.9392529963121916
7,0.12528268032329404,0.03425921424323128,0.632403976443674,-98.38050027604255,-97.93352945790647,-97.4260052472774,0.4469708181360801,0.9544950287651517
8,-0.01096731755482682,0.003038350834379276,0.8479861955897261,-98.42125077556476,-98.0179104361126,-97.45932495014962,0.4033403394521571,0.9619258254151362
3,0.080178549562844,0.004725073000823643,0.3000375502268593,-98.30181205152707,-97.98905914676368,-97.44513830960543,0.3127529047633857,0.8566737419216395
0,-0.014732787912265241,-0.07173356990028669,-0.055054117542434236,-98.1900116577606,-97.93367805784541,-97.40957177407326,0.25633359991519455,0.7804398836873503
10,-0.046168306386796906,0.03303945313240133,0.9843651455882898,-98.43730643579364,-98.03117688457691,-97.46378672779937,0.4061295512167362,0.9735197079942708
4,0.018981602625810244,0.0020258824075606516,0.4343887919970719,-98.3373258977578,-98.04227418900936,-97.47496196728403,0.29505170874843145,0.8623639304737623
10,-0.027187912820592422,-0.08009492594445977,0.9407410435146872,-98.42980076474365,-98.02993811446422,-97.45000038413401,0.3998626502794309,0.9798003806096318
13,0.02596842277081305,-0.04443183848764504,1.0239713781356758,-98.4414486948266,-98.01830520213467,-97.46420223514303,0.42314349269193485,0.9772464596835704
6,-0.004052930900190991,-0.03906544696532172,0.5845690809289965,-98.37155386612906,-97.97009251300805,-97.44380551801876,0.4014613531210074,0.927748348110299
6,0.01673394893224276,0.03800824692186331,0.6446364509455336,-98.3857029548724,-98.05883571213016,-97.49340350958282,0.3268672427422388,0.8922994452895807
2,0.013862359516935933,0.04315492539430604,0.2218659197036263,-98.2796742349214,-97.91248966442748,-97.41218409985278,0.3671845704939187,0.8674901350686213
11,-0.06553883632691944,0.003296330045253518,0.9488800721768325,-98.43243423317699,-98.0529505846132,-97.4769316522331,0.3794836485637916,0.955502580943886
11,-0.04353805213430206,0.018390424393980757,1.0557997741437755,-98.44440045040184,-98.04077480756956,-97.47330606509792,0.40362564283228153,0.9710943853039282
14,0.03895777537217114,0.029391627974602375,1.201896778794903,-98.45344424024184,-98.05915643128279,-97.473995351111,0.39428780895904936,0.9794488891308362
12,0.009383943862483854,-0.022157255364749467,1.0302990555607296,-98.44301667679922,-98.03346792003123,-97.47338818529443,0.40954875676798963,0.9696284915047926
2,-0.012249715492711514,-0.08082321515647682,0.26041125342587207,-98.2867663083178,-97.95020837872642,-97.46121378759743,0.336557929591379,0.8255525207203647
12,0.0035930610016320155,0.006284700093408559,1.0296999915121021,-98.44337188911855,-98.06480009255208,-97.4682460108667,0.3785717965664759,0.975125878251859
15,0.007743537725024836,-0.02235928298154354,1.2072108822174978,-98.45432472894306,-97.99966620973832,-97.45832884057303,0.45465851920474165,0.9959958883700324
5,-0.051853779070743206,0.06295605388647421,0.5038466577446912,-98.35289590588184,-97.96511917434631,-97.44669931452307,0.3877767315355243,0.9061965913587642
2,0.07238471611782794,0.08459419790041138,0.26809826329493125,-98.29333559847518,-98.00647447343782,-97.47614360783585,0.28686112503736183,0.8171919906393299
13,0.0096243992655676,-0.034160883458160866,1.1681142037962082,-98.45227167440079,-97.96999836422253,-97.43728359510324,0.4822733101782575,1.0149880792975523
15,-0.046043484681771385,0.020467857551494724,1.1361989696995056,-98.44991954410456,-98.01230407872599,-97.4578722073455,0.43761546537857043,0.9920473367590574
15,0.015459171521884345,0.10326301428039486,1.1927366522654073,-98.44859201211672,-98.07896009461615,-97.48436387025481,0.3696319175005698,0.9642281418619092
1,0.0263270387314476,0.005520385644443589,0.1197741904728896,-98.24877788033159,-97.93657856361254,-97.44889020868838,0.31219931671904533,0.7998876716432051
14,0.049748998875474675,0.037712419021040985,1.086881773540176,-98.44667425742846,-97.99642262265752,-97.44722956289823,0.450251634770936,0.9994446945302258
7,-0.0014558801701810772,0.0324981359531321,0.7384701333547738,-98.40349036836032,-98.07883224529864,-97.47696423251462,0.3246581230616812,0.9265261358457053
6,0.052860210504292834,0.02306519388970559,0.506599494046027,-98.35531775165828,-98.0819931505495,-97.50354136389561,0.27332460110878287,0.8517763877626692
13,-0.05086238141922815,0.08155559372828869,1.0717165888940292,-98.44272810317976,-97.99590423281673,-97.45354663585263,0.4468238703630334,0.9891814673271284
14,0.07139069364280479,0.02200563349948255,1.1016647505170882,-98.44687737737499,-97.994535897483,-97.44075956357638,0.4523414798919845,1.0061178137986104
4,-0.05864388301074928,0.010896546765280336,0.3674433358042973,-98.31795383037978,-97.97415372836859,-97.45027573223473,0.34380010201118694,0.8676780981450491
12,-0.04692201041349152,-0.005417958659663585,1.1218235887345527,-98.44902980468606,-98.04436461345603,-97.462455773282,0.40466519123003764,0.9865740314040607
13,0.09480426177990071,-0.0841812813982101,1.0814006063833164,-98.4400068481176,-97.95829549011046,-97.42634500984441,0.4817113580071464,1.013661838273194
13,-0.00817391171566769,0.026027939130912767,1.133437873262165,-98.45092636612388,-98.00473704985637,-97.45231447940378,0.4461893162675068,0.9986118867200986
15,0.024635408552990956,0.00920335600880559,1.0846389549621378,-98.44780097838014,-98.03280127069885,-97.46059495679789,0.41499970768128946,0.9872060215822529
5,-0.017048354614772613,0.008478690954429591,0.46854349707381227,-98.34532717509447,-97.94978142487547,-97.4422270899917,0.39554575021900007,0.9031000851027642
13,-0.0692791204497437,-0.05288369274144057,1.1313922772355327,-98.44632168201022,-98.04977350795298,-97.47068654277061,0.3965481740572443,0.9756351392396141
6,-0.02570328024622123,0.008178993452695158,0.5678981966086525,-98.3684846807606,-97.98656445760916,-97.46187720242044,0.3819202231514396,0.9066074783401632
7,0.0470238689994488,0.0025917905924525836,0.6433768718789474,-98.38524670845992,-98.02456921637345,-97.4702465291962,0.3606774920864666,0.9150001792637141
12,-0.015767528660265942,0.06053956536744639,1.1287350423831881,-98.44917099003939,-98.02502410624953,-97.45590808078087,0.42414688378985943,0.9932629092585188
5,0.06297432392208928,0.04475221427175328,0.4742783807790852,-98.34753933412647,-97.98994432396681,-97.4533421980927,0.3575950101596561,0.8941971360337675
12,0.04179749591220071,0.0897742592216727,1.1459276946130392,-98.44733563538736,-98.06370257214574,-97.4863516269911,0.38363306324161783,0.9609840083962666
7,-0.037639664257901856,-0.016706964879844334,0.8216906995415763,-98.41613597204288,-98.02884366131438,-97.47280881209083,0.38729231072849757,0.9433271599520481
0,-0.015360590357135384,0.05699743001041699,-0.029885901566437528,-98.20177943333262,-97.97545405095285,-97.47632410800249,0.22632538237976974,0.725455325330131
1,0.06196024853349603,0.0753706938149909,0.024323929589844376,-98.22059493596903,-97.95445795259754,-97.43556921118437,0.2661369833714957,0.7850257247846599
12,-0.10000228134099423,0.017131885153028943,0.9968944759103486,-98.43486718415805,-97.99735550099535,-97.45430561925903,0.43751168316269684,0.9805615648990198
3,0.00977876926459519,0.07676371631628992,0.34984323205140333,-98.31547488579415,-97.9501711519678,-97.43626020692335,0.3653037338263516,0.8792146788707953
